Workbook
Name NativeTimeline_Hire_Date: #N/A
Name Slicer_Dept_Code: #N/A
Name Slicer_Performance_Band: #N/A
Name Slicer_Years_Of_Service: #N/A

Sheet Analysis
A2: Headcount and Salary Per Department | F2: Attrition Rate by Department | M2: Performance by Status | R2: Total Bonus Payout by Performance Band
A3: Departmen Name | B3: Total Headcounts | C3: Average of Salary | F3: Attrition % | G3: Column Labels | M3: Performance | N3: Average of Perf_Score | R3: Performance Band | S3: Sum of Bonus Payout
A4: Finance | B4: 17 | C4: 87016.429 | F4: Department | G4: Active | H4: Left | I4: Grand Total | M4: Active | N4: 67.741379 | R4: Achieving | S4: 164994.31
A5: Human Resources | B5: 18 | C5: 85486.802 | F5: Finance | G5: 0.82352941 | H5: 0.17647059 | I5: 1 | M5: Left | N5: 66.208333 | R5: Developing | S5: 84450.789
A6: Information Technology | B6: 36 | C6: 80389.143 | F6: Human Resources | G6: 0.88235294 | H6: 0.11764706 | I6: 1 | M6: Grand Total | N6: 67.478571 | R6: Exceeding | S6: 144546.95
A7: Marketing | B7: 19 | C7: 85361.075 | F7: Information Technology | G7: 0.82352941 | H7: 0.17647059 | I7: 1 | R7: Needs Improvement | S7: 0
A8: Operations | B8: 29 | C8: 79988.512 | F8: Marketing | G8: 0.84210526 | H8: 0.15789474 | I8: 1 | R8: Outstanding | S8: 92304.651
A9: Sales | B9: 31 | C9: 86103.272 | F9: Operations | G9: 0.75 | H9: 0.25 | I9: 1 | R9: Grand Total | S9: 486296.7
A10: Grand Total | B10: 150 | C10: 83485.197 | F10: Sales | G10: 0.86206897 | H10: 0.13793103 | I10: 1
F11: Grand Total | G11: 0.82857143 | H11: 0.17142857 | I11: 1 | M11: Bonus Payout by Performance Band
M12: Performance Band | N12: Total Bonus Payout
M13: Achieving | N13: 164994.31
M14: Developing | N14: 84450.789
M15: Exceeding | N15: 144546.95
M16: Needs Improvement | N16: 0
M17: Outstanding | N17: 92304.651
M18: Grand Total | N18: 486296.7

Sheet Interactive Dashboard

Sheet Raw_Employee_Data
A1: Emp ID | B1: Name | C1: Dept Code | D1: Hire Date | E1: Salary | F1: Perf_Score | G1: Employment Status2 | H1: Department Name | I1: Years Of Service | J1: Performance Band | K1: Bonus Percent | L1: Bonus Payout
A2: EMP127 | B2: Emily Brown | C2: IT02 | D2: 43093 | E2: 50361 | F2: 52 | G2: Active | H2: =VLOOKUP(EmployeeData[[#This Row],[Dept Code]],Lookup_Departments!$A$1:$B$7,2,FALSE) -> Information Technology | I2: =YEARFRAC(EmployeeData[[#This Row],[Hire Date]],TODAY()) -> 8.5388889 | J2: =VLOOKUP(EmployeeData[[#This Row],[Perf_Score]],Lookup_Performance!$A$2:$C$6,3,TRUE) -> Developing | K2: =VLOOKUP(EmployeeData[[#This Row],[Performance Band]],Lookup_Performance!$C$1:$D$6,2,FALSE) -> 0.02 | L2: =EmployeeData[[#This Row],[Salary]]*EmployeeData[[#This Row],[Bonus Percent]] -> 1007.22
A3: EMP046 | B3: Richard Hernandez | C3: MKT04 | D3: 44777 | E3: 112673 | F3: 68 | G3: Active | H3: =VLOOKUP(EmployeeData[[#This Row],[Dept Code]],Lookup_Departments!$A$1:$B$7,2,FALSE) -> Marketing | I3: =YEARFRAC(EmployeeData[[#This Row],[Hire Date]],TODAY()) -> 3.9277778 | J3: =VLOOKUP(EmployeeData[[#This Row],[Perf_Score]],Lookup_Performance!$A$2:$C$6,3,TRUE) -> Developing | K3: =VLOOKUP(EmployeeData[[#This Row],[Performance Band]],Lookup_Performance!$C$1:$D$6,2,FALSE) -> 0.02 | L3: =EmployeeData[[#This Row],[Salary]]*EmployeeData[[#This Row],[Bonus Percent]] -> 2253.46
A4: EMP134 | B4: Emily Gonzalez | C4: IT02 | D4: 42403 | E4: 114425 | F4: 54 | G4: Left | H4: =VLOOKUP(EmployeeData[[#This Row],[Dept Code]],Lookup_Departments!$A$1:$B$7,2,FALSE) -> Information Technology | I4: =YEARFRAC(EmployeeData[[#This Row],[Hire Date]],TODAY()) -> 10.430556 | J4: =VLOOKUP(EmployeeData[[#This Row],[Perf_Score]],Lookup_Performance!$A$2:$C$6,3,TRUE) -> Developing | K4: =VLOOKUP(EmployeeData[[#This Row],[Performance Band]],Lookup_Performance!$C$1:$D$6,2,FALSE) -> 0.02 | L4: =EmployeeData[[#This Row],[Salary]]*EmployeeData[[#This Row],[Bonus Percent]] -> 2288.5
A5: EMP139 | B5: John Martinez | C5: FIN03 | D5: 44992 | E5: 103831 | F5: 70 | G5: Active | H5: =VLOOKUP(EmployeeData[[#This Row],[Dept Code]],Lookup_Departments!$A$1:$B$7,2,FALSE) -> Finance | I5: =YEARFRAC(EmployeeData[[#This Row],[Hire Date]],TODAY()) -> 3.3361111 | J5: =VLOOKUP(EmployeeData[[#This Row],[Perf_Score]],Lookup_Performance!$A$2:$C$6,3,TRUE) -> Achieving | K5: =VLOOKUP(EmployeeData[[#This Row],[Performance Band]],Lookup_Performance!$C$1:$D$6,2,FALSE) -> 0.05 | L5: =EmployeeData[[#This Row],[Salary]]*EmployeeData[[#This Row],[Bonus Percent]] -> 5191.55
A6: EMP112 | B6: Thomas Smith | C6: IT02 | D6: 44977 | E6: 73785 | F6: 40 | G6: Left | H6: =VLOOKUP(EmployeeData[[#This Row],[Dept Code]],Lookup_Departments!$A$1:$B$7,2,FALSE) -> Information Technology | I6: =YEARFRAC(EmployeeData[[#This Row],[Hire Date]],TODAY()) -> 3.3833333 | J6: =VLOOKUP(EmployeeData[[#This Row],[Perf_Score]],Lookup_Performance!$A$2:$C$6,3,TRUE) -> Needs Improvement | K6: =VLOOKUP(EmployeeData[[#This Row],[Performance Band]],Lookup_Performance!$C$1:$D$6,2,FALSE) -> 0 | L6: =EmployeeData[[#This Row],[Salary]]*EmployeeData[[#This Row],[Bonus Percent]] -> 0
A7: EMP030 | B7: Emily Johnson | C7: OPS06 | D7: 43864 | E7: 115882 | F7: 49 | G7: Active | H7: =VLOOKUP(EmployeeData[[#This Row],[Dept Code]],Lookup_Departments!$A$1:$B$7,2,FALSE) -> Operations | I7: =YEARFRAC(EmployeeData[[#This Row],[Hire Date]],TODAY()) -> 6.4305556 | J7: =VLOOKUP(EmployeeData[[#This Row],[Perf_Score]],Lookup_Performance!$A$2:$C$6,3,TRUE) -> Needs Improvement | K7: =VLOOKUP(EmployeeData[[#This Row],[Performance Band]],Lookup_Performance!$C$1:$D$6,2,FALSE) -> 0 | L7: =EmployeeData[[#This Row],[Salary]]*EmployeeData[[#This Row],[Bonus Percent]] -> 0
A8: EMP096 | B8: John Wilson | C8: OPS06 | D8: 45272 | E8: 59980 | F8: 70 | G8: Left | H8: =VLOOKUP(EmployeeData[[#This Row],[Dept Code]],Lookup_Departments!$A$1:$B$7,2,FALSE) -> Operations | I8: =YEARFRAC(EmployeeData[[#This Row],[Hire Date]],TODAY()) -> 2.5722222 | J8: =VLOOKUP(EmployeeData[[#This Row],[Perf_Score]],Lookup_Performance!$A$2:$C$6,3,TRUE) -> Achieving | K8: =VLOOKUP(EmployeeData[[#This Row],[Performance Band]],Lookup_Performance!$C$1:$D$6,2,FALSE) -> 0.05 | L8: =EmployeeData[[#This Row],[Salary]]*EmployeeData[[#This Row],[Bonus Percent]] -> 2999
A9: EMP098 | B9: Jessica Smith | C9: OPS06 | D9: 44086 | E9: 68728 | F9: 45 | G9: Active | H9: =VLOOKUP(EmployeeData[[#This Row],[Dept Code]],Lookup_Departments!$A$1:$B$7,2,FALSE) -> Operations | I9: =YEARFRAC(EmployeeData[[#This Row],[Hire Date]],TODAY()) -> 5.8222222 | J9: =VLOOKUP(EmployeeData[[#This Row],[Perf_Score]],Lookup_Performance!$A$2:$C$6,3,TRUE) -> Needs Improvement | K9: =VLOOKUP(EmployeeData[[#This Row],[Performance Band]],Lookup_Performance!$C$1:$D$6,2,FALSE) -> 0 | L9: =EmployeeData[[#This Row],[Salary]]*EmployeeData[[#This Row],[Bonus Percent]] -> 0
A10: EMP095 | B10: Rodriguez | C10: FIN03 | D10: 43282 | E10: 102139 | F10: 79 | G10: Active | H10: =VLOOKUP(EmployeeData[[#This Row],[Dept Code]],Lookup_Departments!$A$1:$B$7,2,FALSE) -> Finance | I10: =YEARFRAC(EmployeeData[[#This Row],[Hire Date]],TODAY()) -> 8.0194444 | J10: =VLOOKUP(EmployeeData[[#This Row],[Perf_Score]],Lookup_Performance!$A$2:$C$6,3,TRUE) -> Achieving | K10: =VLOOKUP(EmployeeData[[#This Row],[Performance Band]],Lookup_Performance!$C$1:$D$6,2,FALSE) -> 0.05 | L10: =EmployeeData[[#This Row],[Salary]]*EmployeeData[[#This Row],[Bonus Percent]] -> 5106.95
A11: EMP140 | B11: Michael Martinez | C11: SAL05 | D11: 42411 | E11: 94998 | F11: 58 | G11: Active | H11: =VLOOKUP(EmployeeData[[#This Row],[Dept Code]],Lookup_Departments!$A$1:$B$7,2,FALSE) -> Sales | I11: =YEARFRAC(EmployeeData[[#This Row],[Hire Date]],TODAY()) -> 10.408333 | J11: =VLOOKUP(EmployeeData[[#This Row],[Perf_Score]],Lookup_Performance!$A$2:$C$6,3,TRUE) -> Developing | K11: =VLOOKUP(EmployeeData[[#This Row],[Performance Band]],Lookup_Performance!$C$1:$D$6,2,FALSE) -> 0.02 | L11: =EmployeeData[[#This Row],[Salary]]*EmployeeData[[#This Row],[Bonus Percent]] -> 1899.96
A12: EMP020 | B12: Emily Miller | C12: SAL05 | D12: 43911 | E12: 118635 | F12: 49 | G12: Active | H12: =VLOOKUP(EmployeeData[[#This Row],[Dept Code]],Lookup_Departments!$A$1:$B$7,2,FALSE) -> Sales | I12: =YEARFRAC(EmployeeData[[#This Row],[Hire Date]],TODAY()) -> 6.2972222 | J12: =VLOOKUP(EmployeeData[[#This Row],[Perf_Score]],Lookup_Performance!$A$2:$C$6,3,TRUE) -> Needs Improvement | K12: =VLOOKUP(EmployeeData[[#This Row],[Performance Band]],Lookup_Performance!$C$1:$D$6,2,FALSE) -> 0 | L12: =EmployeeData[[#This Row],[Salary]]*EmployeeData[[#This Row],[Bonus Percent]] -> 0
A13: EMP057 | B13: Emily Hernandez | C13: IT02 | D13: 42425 | E13: 76918 | F13: 62 | G13: Active | H13: =VLOOKUP(EmployeeData[[#This Row],[Dept Code]],Lookup_Departments!$A$1:$B$7,2,FALSE) -> Information Technology | I13: =YEARFRAC(EmployeeData[[#This Row],[Hire Date]],TODAY()) -> 10.369444 | J13: =VLOOKUP(EmployeeData[[#This Row],[Perf_Score]],Lookup_Performance!$A$2:$C$6,3,TRUE) -> Developing | K13: =VLOOKUP(EmployeeData[[#This Row],[Performance Band]],Lookup_Performance!$C$1:$D$6,2,FALSE) -> 0.02 | L13: =EmployeeData[[#This Row],[Salary]]*EmployeeData[[#This Row],[Bonus Percent]] -> 1538.36
... A151: EMP103 | B151: Amanda Brown | C151: IT02 | D151: 44848 | E151: 118634 | F151: 91 | G151: Active | H151: =VLOOKUP(EmployeeData[[#This Row],[Dept Code]],Lookup_Departments!$A$1:$B$7,2,FALSE) -> Information Technology | I151: =YEARFRAC(EmployeeData[[#This Row],[Hire Date]],TODAY()) -> 3.7333333 | J151: =VLOOKUP(EmployeeData[[#This Row],[Perf_Score]],Lookup_Performance!$A$2:$C$6,3,TRUE) -> Exceeding | K151: =VLOOKUP(EmployeeData[[#This Row],[Performance Band]],Lookup_Performance!$C$1:$D$6,2,FALSE) -> 0.08 | L151: =EmployeeData[[#This Row],[Salary]]*EmployeeData[[#This Row],[Bonus Percent]] -> 9490.72

Sheet Lookup_Departments
A1: Dept_Code | B1: Department_Name
A2: HR01 | B2: Human Resources
A3: IT02 | B3: Information Technology
A4: FIN03 | B4: Finance
A5: MKT04 | B5: Marketing
A6: SAL05 | B6: Sales
A7: OPS06 | B7: Operations

Sheet Lookup_Performance
A1: Min_Score | B1: Max_Score | C1: Performance_Band | D1: Bonus_Percentage
A2: 0 | B2: 49 | C2: Needs Improvement | D2: 0
A3: 50 | B3: 69 | C3: Developing | D3: 0.02
A4: 70 | B4: 84 | C4: Achieving | D4: 0.05
A5: 85 | B5: 94 | C5: Exceeding | D5: 0.08
A6: 95 | B6: 100 | C6: Outstanding | D6: 0.12

Sheet Dashboard_Pivots
A3: Total Employees | D3: Average Salary | G3: Row Labels | H3: Count of Emp ID
A4: 150 | D4: 83485.197 | G4: Active | H4: 116
G5: Grand Total | H5: 116
A12: Department Name | B12: Employees | D12: Department Name | E12: Avg Salary | G12: Employees | H12: Employment Status2 | L12: Performance Band | M12: Employees | O12: Department Name | P12: Avg Years Service | S12: Performance Band | T12: Total Bonus Payout
A13: Human Resources | B13: 18 | D13: Human Resources | E13: 85486.802 | G13: Department Name | H13: Active | I13: Grand Total | L13: Developing | M13: 49 | O13: Human Resources | P13: 7.3757716 | S13: Achieving | T13: 164994.31
A14: Grand Total | B14: 18 | D14: Grand Total | E14: 85486.802 | G14: Human Resources | H14: 15 | I14: 15 | L14: Grand Total | M14: 49 | O14: Grand Total | P14: 7.3757716 | S14: Developing | T14: 84450.789
G15: Grand Total | H15: 15 | I15: 15 | S15: Exceeding | T15: 144546.95
S16: Needs Improvement | T16: 0
S17: Outstanding | T17: 92304.651
S18: Grand Total | T18: 486296.7
